exp,dataset,type,metric,n,OOB_mean,SB_mean,mean_diff,sd_diff,cohens_dz,wilcox_p,t_p,sign_p,n_pos,n_neg,sd_OOB,sd_SB,sd_ratio,PM_p_two
exp1,breast-cancer,real,E1_B,100,0.005264673574543002,0.005269665757997045,4.992183454042955e-06,0.00038263501585717233,0.013046854697444646,0.8851770022716838,0.8964604792445048,0.7643534344026676,48,52,0.0003621471113956732,0.0003434934027137184,0.94849135035189,0.566563150919418
exp1,breast-cancer,real,E2_B,100,0.005264673574543002,0.005269665757997045,4.992183454042955e-06,0.00038263501585717233,0.013046854697444646,0.8851770022716838,0.8964604792445048,0.7643534344026676,48,52,0.0003621471113956732,0.0003434934027137184,0.94849135035189,0.566563150919418
exp1,diabetes,real,E1_B,100,0.0032659308680656495,0.003325610364295908,5.967949623025701e-05,0.0004266899181605863,0.13986619718489907,0.13744945670708206,0.16503930786420654,0.36820161732669615,55,45,0.0003380153108236236,0.00031703035087187945,0.937917131917453,0.5220808333917937
exp1,diabetes,real,E2_B,100,0.0032659308680656495,0.003325610364295908,5.967949623025701e-05,0.0004266899181605863,0.13986619718489907,0.13744945670708206,0.16503930786420654,0.36820161732669615,55,45,0.0003380153108236236,0.00031703035087187945,0.937917131917453,0.5220808333917937
exp1,dna,real,E1_B,100,0.006081174286155539,0.006089034037904638,7.859751749097997e-06,0.00013158886141100674,0.05972961286251063,0.6623526798628128,0.5516733816721419,0.7643534344026676,52,48,0.00015340836866861856,0.0001619445068668198,1.0556432368865116,0.4805462586542535
exp1,dna,real,E2_B,100,0.006597488391673155,0.006602707342306321,5.218950633165018e-06,0.00014326441790123002,0.03642879864812692,0.7753522914731348,0.7164198849702933,0.7643534344026676,52,48,0.00015888753027683226,0.00016666579566970173,1.0489545364530324,0.5502694983714345
exp1,ringnorm,synthetic,E1_B,100,0.03863793219965979,0.03865464531259455,1.6713112934756345e-05,0.0012932027198015725,0.012923815175180566,0.9780556767995897,0.8974314134525195,0.9204107626128221,49,51,0.0010255657212097696,0.001123324683428337,1.0953219868769108,0.34967795196644724
exp1,ringnorm,synthetic,E2_B,100,0.03863793219965979,0.03865464531259455,1.6713112934756345e-05,0.0012932027198015725,0.012923815175180566,0.9780556767995897,0.8974314134525195,0.9204107626128221,49,51,0.0010255657212097696,0.001123324683428337,1.0953219868769108,0.34967795196644724
exp1,satellite,real,E1_B,100,0.0017086314301674214,0.0017139770751581126,5.345644990692011e-06,4.829407477801043e-05,0.11068945859847022,0.21073379493731736,0.2710218153057011,0.36820161732669615,55,45,3.8867140230030074e-05,3.8002068810016875e-05,0.9777428590090913,0.8201514782697166
exp1,satellite,real,E2_B,100,0.0022777405565211012,0.002279412563306007,1.672006784905959e-06,6.752593064461171e-05,0.024760958774573783,0.8044753358016482,0.804949306547965,0.6172994135892524,53,47,5.4066756782044116e-05,5.0411471550918215e-05,0.9323931108747429,0.4835404152271914
exp1,threenorm,synthetic,E1_B,100,0.00624965344864262,0.0062974932173672825,4.783976872466197e-05,0.0010052535015275335,0.04758975586950657,0.7180814247397251,0.6351958621714596,0.9204107626128221,51,49,0.0006493439004072516,0.0007165131369801609,1.103441699430429,0.3298673946487978
exp1,threenorm,synthetic,E2_B,100,0.00624965344864262,0.0062974932173672825,4.783976872466197e-05,0.0010052535015275335,0.04758975586950657,0.7180814247397251,0.6351958621714596,0.9204107626128221,51,49,0.0006493439004072516,0.0007165131369801609,1.103441699430429,0.3298673946487978
exp1,twonorm,synthetic,E1_B,100,0.00544363780096052,0.005511182620684004,6.75448197234829e-05,0.0007467510274378998,0.0904515926214778,0.35680454481095936,0.36791777638212675,0.6172994135892524,53,47,0.0005612311878296167,0.0005695228906949943,1.0147741305992688,0.883912491041855
exp1,twonorm,synthetic,E2_B,100,0.00544363780096052,0.005511182620684004,6.75448197234829e-05,0.0007467510274378998,0.0904515926214778,0.35680454481095936,0.36791777638212675,0.6172994135892524,53,47,0.0005612311878296167,0.0005695228906949943,1.0147741305992688,0.883912491041855
exp1,vehicle,real,E1_B,100,0.003220801356418016,0.0032516275368843065,3.0826180466290016e-05,0.00024225153646300658,0.12724864789865792,0.23283071247871412,0.2061808398620422,0.6172994135892524,53,47,0.0002026435423700356,0.0001593276813860198,0.7862460334170471,0.017306489152234095
exp1,vehicle,real,E2_B,100,0.003829813045001554,0.0038608723257151085,3.105928071355505e-05,0.0003053451595293586,0.1017185953149807,0.3356825574357155,0.3115444045151784,0.48411841360729146,54,46,0.0002511139624082086,0.00019711810197541813,0.784974678767502,0.01693876596168109
exp1,waveform,synthetic,E1_B,100,0.022538384116332143,0.022512726614574586,-2.5657501757556136e-05,0.0005069139452070675,-0.05061510341183333,0.6229452589763704,0.6138759067386207,0.9204107626128221,51,49,0.0016546778522787203,0.0016506423758886936,0.9975611709648079,0.936595069353972
exp1,waveform,synthetic,E2_B,100,0.025041995689192152,0.02501731974933442,-2.4675939857737064e-05,0.0005590351488467598,-0.044140229659336,0.7206533187202941,0.6598843404813356,0.9204107626128221,51,49,0.0018427675542925358,0.0018370920918138393,0.9969201419541623,0.919212445139534
exp2,Boston,real,EB1,100,5.7001902645183895,5.699773669052033,-0.0004165954663562932,0.013068356752325129,-0.03187818286963832,0.6925422804041386,0.7505635478241096,0.19334790449564243,43,57,0.09178575838011083,0.08913020948306201,0.9710679636588997,0.04206212910327278
exp2,Boston,real,EB2,100,5.7001902645183895,5.699773669052033,-0.0004165954663562932,0.013068356752325129,-0.03187818286963832,0.6925422804041386,0.7505635478241096,0.19334790449564243,43,57,0.09178575838011083,0.08913020948306201,0.9710679636588997,0.04206212910327278
exp2,Ozone,real,EB1,100,8.327182748180725,8.33369159231736,0.006508844136635634,0.16326739328722484,0.03986616069250939,0.6425231921087418,0.6910011085719872,0.9204107626128221,51,49,0.9305080701287618,0.9493465137087571,1.0202453306798172,0.2511902908235859
exp2,Ozone,real,EB2,100,8.327182748180725,8.33369159231736,0.006508844136635634,0.16326739328722484,0.03986616069250939,0.6425231921087418,0.6910011085719872,0.9204107626128221,51,49,0.9305080701287618,0.9493465137087571,1.0202453306798172,0.2511902908235859
exp2,friedman1,synthetic,EB1,100,2.1125864002465264,2.114863747796134,0.0022773475496067606,0.010002672659424297,0.22767390547976135,0.03302646611305504,0.024954330477975958,0.08862608011406758,59,41,0.028671565929560685,0.02796851470884294,0.9754791481412289,0.4802162002079815
exp2,friedman1,synthetic,EB2,100,2.1125864002465264,2.114863747796134,0.0022773475496067606,0.010002672659424297,0.22767390547976135,0.03302646611305504,0.024954330477975958,0.08862608011406758,59,41,0.028671565929560685,0.02796851470884294,0.9754791481412289,0.4802162002079815
exp2,friedman2,synthetic,EB1,100,243.74596851114384,243.67557697629894,-0.07039153484496126,0.5636707437777588,-0.1248805896385406,0.21073379493731736,0.21468101220064417,0.19334790449564243,43,57,1.8512741057112527,1.8588764497972508,1.0041065469789399,0.8928123364860063
exp2,friedman2,synthetic,EB2,100,243.74596851114384,243.67557697629894,-0.07039153484496126,0.5636707437777588,-0.1248805896385406,0.21073379493731736,0.21468101220064417,0.19334790449564243,43,57,1.8512741057112527,1.8588764497972508,1.0041065469789399,0.8928123364860063
exp2,friedman3,synthetic,EB1,100,0.1546631324163571,0.1545847731180293,-7.835929832782251e-05,0.0008410055085455383,-0.09317334729868723,0.37688545729469336,0.35374093900991066,0.48411841360729146,46,54,0.0030948144661108895,0.0031051101684158294,1.0033267591378032,0.9028876175427349
exp2,friedman3,synthetic,EB2,100,0.1546631324163571,0.1545847731180293,-7.835929832782251e-05,0.0008410055085455383,-0.09317334729868723,0.37688545729469336,0.35374093900991066,0.48411841360729146,46,54,0.0030948144661108895,0.0031051101684158294,1.0033267591378032,0.9028876175427349
exp3,ringnorm,synthetic,R1,100,0.0,0.0,0.0,0.0,,1.0,,1.0,0,0,0.0,0.0,,
exp3,ringnorm,synthetic,R2,100,0.6145392914564828,0.6183286739552389,0.0037893824987561353,0.04099747592187847,0.09242965362006386,0.27422378711525397,0.3575793853460408,0.2712530240738354,56,44,0.03244175872942009,0.0295541956812146,0.9109924011121235,0.353719578565137
exp3,ringnorm,synthetic,R3,100,0.6102844420148635,0.6140152616554466,0.0037308196405831506,0.04043593645306203,0.0922649496423529,0.27573562109341054,0.3584330637329667,0.2712530240738354,56,44,0.032012406927987576,0.029157552203561768,0.9108203662771172,0.3527046766020041
exp3,ringnorm,synthetic,R4,100,43.40315958400001,43.40674295199999,0.0035833680000000355,0.20290718854771153,0.017660133313401282,0.7103849915044168,0.8601823220075281,0.48411841360729146,54,46,0.4321979698009683,0.42558156975476197,0.9846912745812914,0.7402907648985977
exp3,threenorm,synthetic,R1,100,0.0,0.0,0.0,0.0,,1.0,,1.0,0,0,0.0,0.0,,
exp3,threenorm,synthetic,R2,100,0.023782050760760384,0.02449531133205395,0.000713260571293562,0.007771702996737255,0.09177661210072048,0.36402735891799287,0.36097181090173003,0.6172994135892524,53,47,0.0053101837239072245,0.005140037459323114,0.9679584975905661,0.7464260485994281
exp3,threenorm,synthetic,R3,100,0.023765105789651932,0.024477553656211223,0.000712447866559292,0.007760056612645061,0.0918096222904294,0.36402735891799287,0.3607998389803109,0.6172994135892524,53,47,0.005302762538322818,0.005131739307151046,0.9677482765000704,0.7447935571488764
exp3,threenorm,synthetic,R4,100,62.838161967999994,62.83754381279999,-0.0006181552000000323,0.13066856769224927,-0.004730710766310013,0.9725715413852294,0.962363764829713,0.36820161732669615,45,55,0.3622334234429849,0.3613567512402259,0.9975798141584331,0.9462984182733796
exp3,twonorm,synthetic,R1,100,0.0,0.0,0.0,0.0,,1.0,,1.0,0,0,0.0,0.0,,
exp3,twonorm,synthetic,R2,100,0.0192125423902675,0.01950176711752431,0.00028922472725680706,0.005529143480820905,0.05230913761960582,0.6229452589763704,0.6020794867413166,0.7643534344026676,52,48,0.0036630901225413537,0.0039469434414965004,1.0774901270401223,0.4606898625296667
exp3,twonorm,synthetic,R3,100,0.01920154360153798,0.019490940812423873,0.0002893972108858899,0.005523046792575354,0.052398109549773746,0.6253783479405848,0.6014628060816524,0.7643534344026676,52,48,0.003658967275530929,0.0039428695507288895,1.077590821075809,0.46013056664086416
exp3,twonorm,synthetic,R4,100,34.1480207456,34.1563125072,0.008291761599999746,0.10732816721654831,0.07725615572350225,0.37874492892909406,0.4416224026804898,0.48411841360729146,54,46,0.2866378966435843,0.28469403522319275,0.9932184074640744,0.855509928098876
exp3,waveform,synthetic,R1,100,0.35655008270709615,0.35655008270709615,0.0,0.0,,1.0,,1.0,0,0,0.0436440363528017,0.0436440363528017,1.0,
exp3,waveform,synthetic,R2,100,0.004437962100240599,0.0009361022387565994,-0.0035018598614839995,0.014471962862262966,-0.24197545936325168,0.013822608825215377,0.0173553181776503,0.02097873567785172,38,62,0.014932787363756446,0.013324671056512742,0.8923097029328374,0.2005285949069524
exp3,waveform,synthetic,R3,100,0.36090095344753487,0.35743766723105536,-0.0034632862164794814,0.01437307231681305,-0.2409565707415433,0.013955675735869692,0.01781912593362802,0.02097873567785172,38,62,0.044893279393728364,0.04483575616318753,0.9987186672188428,0.9680648472855922
exp3,waveform,synthetic,R4,100,41.95073286718847,41.948956223966704,-0.0017766432217752026,0.08360043700725774,-0.021251602089364247,0.9451754865571346,0.832141438598353,0.7643534344026676,48,52,0.241708884768561,0.2404741011212995,0.9948914428675477,0.8822684154138405
exp4,friedman1,reg,absdiff,100,1.1852595872769884,1.1872886317419324,0.00202904446494389,0.06180508410886514,0.032829733899720555,0.7413401306177619,0.7433802147302896,0.9204107626128221,49,51,0.12590450184949947,0.12729884035563155,1.011074572280178,0.81829227141763
exp4,friedman1,reg,eOB,100,8.422583701139601,8.425512146385179,0.0029284452455803313,0.07599496291351704,0.03853472826762122,0.8960471686012128,0.7008068489075256,0.2712530240738354,44,56,0.14173658273981152,0.1569244063898017,1.1071552831062024,0.03940011411900901
exp4,friedman1,reg,eTS,100,8.162633268183406,8.158937951906019,-0.003695316277390068,0.03881592079957375,-0.09520104640750007,0.21579136199294846,0.3434102156617407,0.48411841360729146,46,54,0.14046458486118485,0.1494309158419359,1.063833392521055,0.0196626218230187
exp4,friedman1,reg,ratio,100,1.3086411591609748,1.3124514123373894,0.003810253176414539,0.06958007466896099,0.05476069398520287,0.6400619540504373,0.5851943104715952,0.9204107626128221,51,49,0.1440938231296498,0.14884778544415753,1.032992131177131,0.486875726831999
exp4,twonorm,class,absdiff,100,0.022474159999999993,0.02249212,1.796000000000207e-05,0.002342224203744396,0.007667925201733602,0.6048290453935774,0.939033461713603,0.48411841360729146,54,46,0.002436112380350501,0.0022900685326960072,0.9400504472484634,0.4781218246011809
exp4,twonorm,class,eOB,100,0.091264,0.091743,0.00047900000000000053,0.0025348199386173607,0.18896805753440427,0.11105829371161224,0.06172640383965458,0.10735158653318887,58,41,0.002865028425476417,0.002989147204488432,1.0433220061303146,0.5915187442223999
exp4,twonorm,class,eTS,100,0.08046504,0.08073496000000001,0.00026992000000000227,0.0010410264522784391,0.2592825565663992,0.012575746015854756,0.010960361787493194,0.026525106848394424,61,38,0.002794428142724107,0.002567326550041006,0.9187305662969332,0.0263051042455269
exp4,twonorm,class,ratio,100,1.4821619360436709,1.48293772317059,0.0007757871269189631,0.15676586330924405,0.004948699356750948,0.6253783479405848,0.9606309055217662,0.48411841360729146,54,46,0.16649224494168108,0.15048040603123908,0.9038283199553792,0.24504771797436198
exp5,Boston,reg,mse_oob_outputs,100,19.234856232420352,19.445677700053025,0.21082146763267512,0.6158431383452002,0.34232981502264104,0.0005218751483653687,0.0009011537950402194,0.05688793364098089,60,40,1.1805150572758423,1.267425269894328,1.0736205879652563,0.14801744606358502
exp5,Boston,reg,mse_original,100,21.04149788235294,21.04149788235294,0.0,0.0,,1.0,,1.0,0,0,1.4975366284016856,1.4975366284016856,1.0,
exp5,Ozone,reg,mse_oob_outputs,100,5907.527036684187,5884.395485603122,-23.13155108106449,125.04132013873303,-0.1849912577330445,0.111397197415053,0.06730892915837286,0.36820161732669615,45,55,231.18699593017402,226.11589372409364,0.978064933169459,0.67706001710123
exp5,Ozone,reg,mse_original,100,9434.158278429159,9434.158278429159,0.0,0.0,,1.0,,1.0,0,0,324.27058292937863,324.27058292937863,1.0,
exp5,friedman1,reg,mse_oob_outputs,100,10.833599943246536,10.826818980620324,-0.006780962626213345,0.10323141915410773,-0.06568700383834179,0.7543660885045383,0.512788591095089,0.6172994135892524,53,47,0.11719961629376263,0.11851477643963045,1.0112215396897832,0.8887113615201261
exp5,friedman1,reg,mse_original,100,13.317666933214754,13.317666933214754,0.0,0.0,,1.0,,1.0,0,0,0.1599987362499506,0.1599987362499506,1.0,
exp5,friedman2,reg,mse_oob_outputs,100,26957.993420973115,26980.344352697204,22.35093172409772,236.00986294917865,0.09470337995539904,0.2990959214526674,0.3459274342104521,0.05688793364098089,60,40,281.2974481960194,285.31158272129403,1.0142700708841035,0.8534300444400453
exp5,friedman2,reg,mse_original,100,38228.7734349774,38228.7734349774,0.0,0.0,,1.0,,1.0,0,0,484.4126413247189,484.4126413247189,1.0,
exp5,friedman3,reg,mse_oob_outputs,100,0.0406127110466557,0.04065729830637752,4.458725972182491e-05,0.0005034017807657725,0.08857191497018341,0.4371225373859976,0.37791523140194355,0.2712530240738354,56,44,0.0006830915374889928,0.0007737918544021814,1.13277915467464,0.05620574898282693
exp5,friedman3,reg,mse_original,100,0.043637375086086776,0.043637375086086776,0.0,0.0,,1.0,,1.0,0,0,0.000782470352956513,0.000782470352956513,1.0,
